Address,Text,Response,DataPos,DataSize,DataMask,TextUnit
2F 01 00,Supported Test IDs 101-120,6F 01 00,0,4,-1,
2F 01 20,Supported Test IDs 121-140,6F 01 20,0,4,-1,
2F 01 40,Supported Test IDs 141-160,6F 01 40,0,4,-1,
2F 01 47,MIL Control (CAN 0x250),6F 01 47,0,1,255,
2F 01 60,Supported Test IDs 161-180,6F 01 60,0,4,-1,
2F 01 70,Permanent DTC Erase Enable,6F 01 70,0,1,255,
2F 01 71,Selector Position Learn,6F 01 71,0,1,255,
2F 01 72,Unlock Torque Converter,6F 01 72,0,1,255,
2F 01 73,Park Request Switch LED,6F 01 73,0,1,255,
2F 01 74,Reverse Request Switch LED,6F 01 74,0,1,255,
2F 01 75,Neutral Request Switch LED,6F 01 75,0,1,255,
2F 01 76,Drive Request Switch LED,6F 01 76,0,1,255,
2F 01 77,Solenoid Output SL,6F 01 77,0,1,255,
2F 01 78,Solenoid Output SLT,6F 01 78,0,1,255,
2F 01 79,Solenoid Output SLU,6F 01 79,0,1,255,
2F 01 7A,Solenoid Output SL1,6F 01 7A,0,1,255,
2F 01 7B,Solenoid Output SL2,6F 01 7B,0,1,255,
2F 01 7C,Solenoid Output SL3,6F 01 7C,0,1,255,
2F 01 7D,Solenoid Output SL4,6F 01 7D,0,1,255,
2F 01 7E,Shift actuator locking solenoid,6F 01 7E,0,1,255,
2F 01 7F,Ignition Key Interlock solenoid,6F 01 7F,0,1,255,
2F 01 80,Supported Test IDs 181-1A0,6F 01 80,0,4,-1,
2F 01 81,Reverse Circuit Relay,6F 01 81,0,1,255,
2F 01 82,Shift Adaptation Reset,6F 01 82,0,1,255,
2F 01 83,TCU MIL Control,6F 01 83,0,1,255,
2F 01 84,TCU Power Down,6F 01 84,0,1,255,
2F 01 86,Shift Adaptation History Reset,6F 01 86,0,1,255,
2F 01 87,Adaptation Drift Reset,6F 01 87,0,1,255,
